{
  "gate": "thread_reads",
  "mode": "live",
  "operationCount": 350,
  "concurrency": 120,
  "durationMs": 22223.244875000004,
  "throughputRps": 15.749275228197293,
  "successCount": 350,
  "errorCount": 0,
  "errorRate": 0,
  "observedDuplicateCount": 0,
  "duplicateCount": 0,
  "duplicateRate": 0,
  "retryCount": 0,
  "deadLetterCount": 0,
  "latencies": {
    "p50": 5042.958666999999,
    "p95": 15109.408916,
    "p99": 15885.906333000006,
    "max": 16251.417333999998,
    "min": 515.7358749999985
  },
  "pass": false,
  "failures": [
    "p50 5043.0ms > 130ms",
    "p95 15109.4ms > 500ms",
    "p99 15885.9ms > 950ms",
    "throughput 15.75 rps < 350 rps"
  ],
  "notes": []
}