{
  "gate": "session_validation_burst",
  "mode": "live",
  "operationCount": 195,
  "concurrency": 195,
  "durationMs": 11979.040500000003,
  "throughputRps": 16.278432316845404,
  "successCount": 30,
  "errorCount": 165,
  "errorRate": 0.8461538461538461,
  "observedDuplicateCount": 0,
  "duplicateCount": 0,
  "duplicateRate": 0,
  "retryCount": 0,
  "deadLetterCount": 0,
  "timeoutCount": 0,
  "timeoutRate": 0,
  "statusCounts": {
    "200": 30,
    "429": 165
  },
  "failureCategory": "DB/read bottleneck",
  "latencies": {
    "p50": 6684.746167000034,
    "p95": 11778.198875000002,
    "p99": 11888.648291999998,
    "max": 11913.511375000002,
    "min": 837.0998330000439
  },
  "pass": false,
  "failures": [
    "p50 6684.7ms > 140ms",
    "p95 11778.2ms > 600ms",
    "p99 11888.6ms > 1200ms",
    "errorRate 84.62% > 3.00%",
    "throughput 16.28 rps < 300 rps"
  ],
  "notes": [
    "Requests are spread across owner/sitter/client session cookies when provided",
    "ramp stage: medium"
  ],
  "stage": "medium"
}