{
  "gate": "thread_reads",
  "mode": "live",
  "operationCount": 350,
  "concurrency": 120,
  "durationMs": 27778.556541000027,
  "throughputRps": 12.599646762905557,
  "successCount": 346,
  "errorCount": 4,
  "errorRate": 0.011428571428571429,
  "observedDuplicateCount": 0,
  "duplicateCount": 0,
  "duplicateRate": 0,
  "retryCount": 0,
  "deadLetterCount": 0,
  "timeoutCount": 4,
  "timeoutRate": 0.011428571428571429,
  "statusCounts": {
    "0": 4,
    "200": 346
  },
  "failureCategory": "DB/read bottleneck",
  "latencies": {
    "p50": 6668.799916000047,
    "p95": 19393.585167000012,
    "p99": 20001.762958000007,
    "max": 20003.505375000008,
    "min": 218.04504200001247
  },
  "pass": false,
  "failures": [
    "p50 6668.8ms > 130ms",
    "p95 19393.6ms > 500ms",
    "p99 20001.8ms > 950ms",
    "errorRate 1.14% > 1.00%",
    "throughput 12.60 rps < 350 rps"
  ],
  "notes": [
    "ramp stage: high"
  ],
  "stage": "high"
}