{
  "gate": "messages_send_2000",
  "mode": "live",
  "operationCount": 122,
  "concurrency": 122,
  "durationMs": 10543.615083,
  "throughputRps": 11.570983864605102,
  "successCount": 0,
  "errorCount": 122,
  "errorRate": 1,
  "observedDuplicateCount": 0,
  "duplicateCount": 0,
  "duplicateRate": 0,
  "retryCount": 0,
  "deadLetterCount": 0,
  "timeoutCount": 0,
  "timeoutRate": 0,
  "statusCounts": {
    "429": 92,
    "500": 30
  },
  "failureCategory": "messaging/provider bottleneck",
  "latencies": {
    "p50": 6381.187582999999,
    "p95": 10422.958209,
    "p99": 10520.995750000002,
    "max": 10533.688667000002,
    "min": 3813.9179589999994
  },
  "pass": false,
  "failures": [
    "p50 6381.2ms > 180ms",
    "p95 10423.0ms > 700ms",
    "p99 10521.0ms > 1400ms",
    "errorRate 100.00% > 2.50%",
    "throughput 11.57 rps < 300 rps"
  ],
  "notes": [
    "ramp stage: low"
  ],
  "stage": "low"
}