{
  "gate": "thread_reads",
  "mode": "live",
  "operationCount": 350,
  "concurrency": 120,
  "durationMs": 26529.758875,
  "throughputRps": 13.192732042876512,
  "successCount": 350,
  "errorCount": 0,
  "errorRate": 0,
  "observedDuplicateCount": 0,
  "duplicateCount": 0,
  "duplicateRate": 0,
  "retryCount": 0,
  "deadLetterCount": 0,
  "timeoutCount": 0,
  "timeoutRate": 0,
  "statusCounts": {
    "200": 350
  },
  "failureCategory": "DB/read bottleneck",
  "latencies": {
    "p50": 5498.466208000027,
    "p95": 15784.61837500002,
    "p99": 16898.40616700001,
    "max": 17078.80995799997,
    "min": 618.492333000002
  },
  "pass": false,
  "failures": [
    "p50 5498.5ms > 130ms",
    "p95 15784.6ms > 500ms",
    "p99 16898.4ms > 950ms",
    "throughput 13.19 rps < 350 rps"
  ],
  "notes": [
    "ramp stage: high"
  ],
  "stage": "high"
}