{
  "gate": "messages_send_2000",
  "mode": "live",
  "operationCount": 2000,
  "concurrency": 2000,
  "durationMs": 27147.295667000002,
  "throughputRps": 73.67216331721694,
  "successCount": 250,
  "errorCount": 1750,
  "errorRate": 0.875,
  "observedDuplicateCount": 0,
  "duplicateCount": 0,
  "duplicateRate": 0,
  "retryCount": 0,
  "deadLetterCount": 0,
  "timeoutCount": 998,
  "timeoutRate": 0.499,
  "statusCounts": {
    "0": 998,
    "202": 250,
    "502": 752
  },
  "failureCategory": "messaging/provider bottleneck",
  "latencies": {
    "p50": 19938.163041,
    "p95": 20261.493917,
    "p99": 20263.884334,
    "max": 20264.255084,
    "min": 1863.883833
  },
  "pass": false,
  "failures": [
    "p50 19938.2ms > 180ms",
    "p95 20261.5ms > 700ms",
    "p99 20263.9ms > 1400ms",
    "errorRate 87.50% > 2.50%",
    "throughput 73.67 rps < 300 rps"
  ],
  "notes": []
}