{
  "gate": "session_validation_burst",
  "mode": "live",
  "operationCount": 105,
  "concurrency": 105,
  "durationMs": 5242.390042000014,
  "throughputRps": 20.029032399111927,
  "successCount": 30,
  "errorCount": 75,
  "errorRate": 0.7142857142857143,
  "observedDuplicateCount": 0,
  "duplicateCount": 0,
  "duplicateRate": 0,
  "retryCount": 0,
  "deadLetterCount": 0,
  "timeoutCount": 0,
  "timeoutRate": 0,
  "statusCounts": {
    "200": 30,
    "429": 75
  },
  "failureCategory": "DB/read bottleneck",
  "latencies": {
    "p50": 3514.3959160000086,
    "p95": 5106.753708000004,
    "p99": 5132.419500000018,
    "max": 5201.528083000012,
    "min": 1112.5897910000058
  },
  "pass": false,
  "failures": [
    "p50 3514.4ms > 140ms",
    "p95 5106.8ms > 600ms",
    "p99 5132.4ms > 1200ms",
    "errorRate 71.43% > 3.00%",
    "throughput 20.03 rps < 300 rps"
  ],
  "notes": [
    "Requests are spread across owner/sitter/client session cookies when provided",
    "ramp stage: low"
  ],
  "stage": "low"
}