{
  "gate": "messages_send_2000",
  "mode": "live",
  "operationCount": 2000,
  "concurrency": 2000,
  "durationMs": 113931.4885,
  "throughputRps": 17.554409464245698,
  "successCount": 200,
  "errorCount": 1800,
  "errorRate": 0.9,
  "observedDuplicateCount": 0,
  "duplicateCount": 0,
  "duplicateRate": 0,
  "retryCount": 0,
  "deadLetterCount": 0,
  "timeoutCount": 437,
  "timeoutRate": 0.2185,
  "statusCounts": {
    "0": 447,
    "202": 200,
    "502": 1353
  },
  "failureCategory": "messaging/provider bottleneck",
  "latencies": {
    "p50": 3976.486709,
    "p95": 20531.814209,
    "p99": 20533.297334000003,
    "max": 20535.356083000002,
    "min": 2189.069291
  },
  "pass": false,
  "failures": [
    "p50 3976.5ms > 180ms",
    "p95 20531.8ms > 700ms",
    "p99 20533.3ms > 1400ms",
    "errorRate 90.00% > 2.50%",
    "throughput 17.55 rps < 300 rps"
  ],
  "notes": []
}