{
  "gate": "messages_send_2000",
  "mode": "live",
  "operationCount": 2000,
  "concurrency": 2000,
  "durationMs": 50505.905834,
  "throughputRps": 39.59932936503483,
  "successCount": 214,
  "errorCount": 1786,
  "errorRate": 0.893,
  "observedDuplicateCount": 0,
  "duplicateCount": 0,
  "duplicateRate": 0,
  "retryCount": 0,
  "deadLetterCount": 0,
  "timeoutCount": 945,
  "timeoutRate": 0.4725,
  "statusCounts": {
    "0": 945,
    "202": 214,
    "502": 841
  },
  "failureCategory": "messaging/provider bottleneck",
  "latencies": {
    "p50": 14510.803375,
    "p95": 20077.484792,
    "p99": 20360.278292000003,
    "max": 20360.967125,
    "min": 1641.669375
  },
  "pass": false,
  "failures": [
    "p50 14510.8ms > 180ms",
    "p95 20077.5ms > 700ms",
    "p99 20360.3ms > 1400ms",
    "errorRate 89.30% > 2.50%",
    "throughput 39.60 rps < 300 rps"
  ],
  "notes": []
}