{
  "gate": "messages_send_2000",
  "mode": "live",
  "operationCount": 350,
  "concurrency": 350,
  "durationMs": 20034.076166,
  "throughputRps": 17.470234070188273,
  "successCount": 0,
  "errorCount": 350,
  "errorRate": 1,
  "observedDuplicateCount": 0,
  "duplicateCount": 0,
  "duplicateRate": 0,
  "retryCount": 0,
  "deadLetterCount": 0,
  "timeoutCount": 53,
  "timeoutRate": 0.15142857142857144,
  "statusCounts": {
    "0": 53,
    "429": 267,
    "500": 30
  },
  "failureCategory": "messaging/provider bottleneck",
  "latencies": {
    "p50": 12542.760833,
    "p95": 20003.62975,
    "p99": 20005.888708,
    "max": 20006.33325,
    "min": 3022.056875
  },
  "pass": false,
  "failures": [
    "p50 12542.8ms > 180ms",
    "p95 20003.6ms > 700ms",
    "p99 20005.9ms > 1400ms",
    "errorRate 100.00% > 2.50%",
    "throughput 17.47 rps < 300 rps"
  ],
  "notes": []
}