{
  "gate": "messages_send_2000",
  "mode": "live",
  "operationCount": 122,
  "concurrency": 122,
  "durationMs": 8876.308667000001,
  "throughputRps": 13.744452179042275,
  "successCount": 0,
  "errorCount": 122,
  "errorRate": 1,
  "observedDuplicateCount": 0,
  "duplicateCount": 0,
  "duplicateRate": 0,
  "retryCount": 0,
  "deadLetterCount": 0,
  "timeoutCount": 0,
  "timeoutRate": 0,
  "statusCounts": {
    "429": 92,
    "500": 30
  },
  "failureCategory": "messaging/provider bottleneck",
  "latencies": {
    "p50": 6653.9355829999995,
    "p95": 8788.315,
    "p99": 8796.836667,
    "max": 8855.085084,
    "min": 3369.9535830000004
  },
  "pass": false,
  "failures": [
    "p50 6653.9ms > 180ms",
    "p95 8788.3ms > 700ms",
    "p99 8796.8ms > 1400ms",
    "errorRate 100.00% > 2.50%",
    "throughput 13.74 rps < 300 rps"
  ],
  "notes": [
    "ramp stage: low"
  ],
  "stage": "low"
}