{
  "gate": "messages_send_2000",
  "mode": "live",
  "operationCount": 350,
  "concurrency": 350,
  "durationMs": 20041.528666,
  "throughputRps": 17.46373771346929,
  "successCount": 0,
  "errorCount": 350,
  "errorRate": 1,
  "observedDuplicateCount": 0,
  "duplicateCount": 0,
  "duplicateRate": 0,
  "retryCount": 0,
  "deadLetterCount": 0,
  "timeoutCount": 79,
  "timeoutRate": 0.2257142857142857,
  "statusCounts": {
    "0": 79,
    "429": 211,
    "500": 60
  },
  "failureCategory": "messaging/provider bottleneck",
  "latencies": {
    "p50": 14317.24466700002,
    "p95": 20007.200499999977,
    "p99": 20008.340957999986,
    "max": 20008.704916999966,
    "min": 2823.6089999999967
  },
  "pass": false,
  "failures": [
    "p50 14317.2ms > 180ms",
    "p95 20007.2ms > 700ms",
    "p99 20008.3ms > 1400ms",
    "errorRate 100.00% > 2.50%",
    "throughput 17.46 rps < 300 rps"
  ],
  "notes": [
    "ramp stage: high"
  ],
  "stage": "high"
}