{
  "gate": "thread_reads",
  "mode": "live",
  "operationCount": 350,
  "concurrency": 120,
  "durationMs": 28492.858499999973,
  "throughputRps": 12.283779811000723,
  "successCount": 350,
  "errorCount": 0,
  "errorRate": 0,
  "observedDuplicateCount": 0,
  "duplicateCount": 0,
  "duplicateRate": 0,
  "retryCount": 0,
  "deadLetterCount": 0,
  "timeoutCount": 0,
  "timeoutRate": 0,
  "statusCounts": {
    "200": 350
  },
  "failureCategory": "DB/read bottleneck",
  "latencies": {
    "p50": 5925.6710840000305,
    "p95": 16907.20795900002,
    "p99": 17142.43416600005,
    "max": 18329.347707999987,
    "min": 1718.502542000031
  },
  "pass": false,
  "failures": [
    "p50 5925.7ms > 130ms",
    "p95 16907.2ms > 500ms",
    "p99 17142.4ms > 950ms",
    "throughput 12.28 rps < 350 rps"
  ],
  "notes": [
    "ramp stage: high"
  ],
  "stage": "high"
}