{
  "gate": "messages_send_2000",
  "mode": "live",
  "operationCount": 2000,
  "concurrency": 2000,
  "durationMs": 211026.203041,
  "throughputRps": 9.477496022668912,
  "successCount": 205,
  "errorCount": 1795,
  "errorRate": 0.8975,
  "observedDuplicateCount": 0,
  "duplicateCount": 0,
  "duplicateRate": 0,
  "retryCount": 0,
  "deadLetterCount": 0,
  "timeoutCount": 453,
  "timeoutRate": 0.2265,
  "statusCounts": {
    "0": 614,
    "202": 205,
    "502": 1181
  },
  "failureCategory": "messaging/provider bottleneck",
  "latencies": {
    "p50": 4826.462041999999,
    "p95": 20274.04825,
    "p99": 20276.179333,
    "max": 20276.236625,
    "min": 2336.748083
  },
  "pass": false,
  "failures": [
    "p50 4826.5ms > 180ms",
    "p95 20274.0ms > 700ms",
    "p99 20276.2ms > 1400ms",
    "errorRate 89.75% > 2.50%",
    "throughput 9.48 rps < 300 rps"
  ],
  "notes": []
}